PassengerId,Survived,Pclass,Age,SibSp,Parch,Fare,Sex_female,Sex_male,Embarked_C,Embarked_Q,Embarked_S,Age_category_
1,0,3,22.0,1,0,7.25,0,1,0,0,1,Young Adult
2,1,1,38.0,1,0,71.2833,1,0,1,0,0,Adult
3,1,3,26.0,0,0,7.925,1,0,0,0,1,Young Adult
4,1,1,35.0,1,0,53.1,1,0,0,0,1,Adult
5,0,3,35.0,0,0,8.05,0,1,0,0,1,Adult
6,0,3,29.69911764705882,0,0,8.4583,0,1,0,1,0,Young Adult
7,0,1,54.0,0,0,51.8625,0,1,0,0,1,Senior
8,0,3,2.0,3,1,21.075,0,1,0,0,1,Child
9,1,3,27.0,0,2,11.1333,1,0,0,0,1,Young Adult
10,1,2,14.0,1,0,30.0708,1,0,1,0,0,Child
11,1,3,4.0,1,1,16.7,1,0,0,0,1,Child
12,1,1,58.0,0,0,26.55,1,0,0,0,1,Senior
13,0,3,20.0,0,0,8.05,0,1,0,0,1,Young Adult
14,0,3,39.0,1,5,31.275,0,1,0,0,1,Adult
15,0,3,14.0,0,0,7.8542,1,0,0,0,1,Child
16,1,2,55.0,0,0,16.0,1,0,0,0,1,Senior
17,0,3,2.0,4,1,29.125,0,1,0,1,0,Child
18,1,2,29.69911764705882,0,0,13.0,0,1,0,0,1,Young Adult
19,0,3,31.0,1,0,18.0,1,0,0,0,1,Young Adult
20,1,3,29.69911764705882,0,0,7.225,1,0,1,0,0,Young Adult
21,0,2,35.0,0,0,26.0,0,1,0,0,1,Adult
22,1,2,34.0,0,0,13.0,0,1,0,0,1,Young Adult
23,1,3,15.0,0,0,8.0292,1,0,0,1,0,Child
24,1,1,28.0,0,0,35.5,0,1,0,0,1,Young Adult
25,0,3,8.0,3,1,21.075,1,0,0,0,1,Child
26,1,3,38.0,1,5,31.3875,1,0,0,0,1,Adult
27,0,3,29.69911764705882,0,0,7.225,0,1,1,0,0,Young Adult
28,0,1,19.0,3,2,263.0,0,1,0,0,1,Young Adult
29,1,3,29.69911764705882,0,0,7.8792,1,0,0,1,0,Young Adult
30,0,3,29.69911764705882,0,0,7.8958,0,1,0,0,1,Young Adult
31,0,1,40.0,0,0,27.7208,0,1,1,0,0,Adult
32,1,1,29.69911764705882,1,0,146.5208,1,0,1,0,0,Young Adult
33,1,3,29.69911764705882,0,0,7.75,1,0,0,1,0,Young Adult
34,0,2,66.0,0,0,10.5,0,1,0,0,1,Senior
35,0,1,28.0,1,0,82.1708,0,1,1,0,0,Young Adult
36,0,1,42.0,1,0,52.0,0,1,0,0,1,Adult
37,1,3,29.69911764705882,0,0,7.2292,0,1,1,0,0,Young Adult
38,0,3,21.0,0,0,8.05,0,1,0,0,1,Young Adult
39,0,3,18.0,2,0,18.0,1,0,0,0,1,Young Adult
40,1,3,14.0,1,0,11.2417,1,0,1,0,0,Child
41,0,3,40.0,1,0,9.475,1,0,0,0,1,Adult
42,0,2,27.0,1,0,21.0,1,0,0,0,1,Young Adult
43,0,3,29.69911764705882,0,0,7.8958,0,1,1,0,0,Young Adult
44,1,2,3.0,1,2,41.5792,1,0,1,0,0,Child
45,1,3,19.0,0,0,7.8792,1,0,0,1,0,Young Adult
46,0,3,29.69911764705882,0,0,8.05,0,1,0,0,1,Young Adult
47,0,3,29.69911764705882,1,0,15.5,0,1,0,1,0,Young Adult
48,1,3,29.69911764705882,0,0,7.75,1,0,0,1,0,Young Adult
49,0,3,29.69911764705882,2,0,21.6792,0,1,1,0,0,Young Adult
50,0,3,18.0,1,0,17.8,1,0,0,0,1,Young Adult
51,0,3,7.0,4,1,39.6875,0,1,0,0,1,Child
52,0,3,21.0,0,0,7.8,0,1,0,0,1,Young Adult
53,1,1,49.0,1,0,76.7292,1,0,1,0,0,Adult
54,1,2,29.0,1,0,26.0,1,0,0,0,1,Young Adult
55,0,1,65.0,0,1,61.9792,0,1,1,0,0,Senior
56,1,1,29.69911764705882,0,0,35.5,0,1,0,0,1,Young Adult
57,1,2,21.0,0,0,10.5,1,0,0,0,1,Young Adult
58,0,3,28.5,0,0,7.2292,0,1,1,0,0,Young Adult
59,1,2,5.0,1,2,27.75,1,0,0,0,1,Child
60,0,3,11.0,5,2,46.9,0,1,0,0,1,Child
61,0,3,22.0,0,0,7.2292,0,1,1,0,0,Young Adult
62,1,1,38.0,0,0,80.0,1,0,0,0,1,Adult
63,0,1,45.0,1,0,83.475,0,1,0,0,1,Adult
64,0,3,4.0,3,2,27.9,0,1,0,0,1,Child
65,0,1,29.69911764705882,0,0,27.7208,0,1,1,0,0,Young Adult
66,1,3,29.69911764705882,1,1,15.2458,0,1,1,0,0,Young Adult
67,1,2,29.0,0,0,10.5,1,0,0,0,1,Young Adult
68,0,3,19.0,0,0,8.1583,0,1,0,0,1,Young Adult
69,1,3,17.0,4,2,7.925,1,0,0,0,1,Child
70,0,3,26.0,2,0,8.6625,0,1,0,0,1,Young Adult
71,0,2,32.0,0,0,10.5,0,1,0,0,1,Young Adult
72,0,3,16.0,5,2,46.9,1,0,0,0,1,Child
73,0,2,21.0,0,0,73.5,0,1,0,0,1,Young Adult
74,0,3,26.0,1,0,14.4542,0,1,1,0,0,Young Adult
75,1,3,32.0,0,0,56.4958,0,1,0,0,1,Young Adult
76,0,3,25.0,0,0,7.65,0,1,0,0,1,Young Adult
77,0,3,29.69911764705882,0,0,7.8958,0,1,0,0,1,Young Adult
78,0,3,29.69911764705882,0,0,8.05,0,1,0,0,1,Young Adult
79,1,2,0.83,0,2,29.0,0,1,0,0,1,Child
80,1,3,30.0,0,0,12.475,1,0,0,0,1,Young Adult
81,0,3,22.0,0,0,9.0,0,1,0,0,1,Young Adult
82,1,3,29.0,0,0,9.5,0,1,0,0,1,Young Adult
83,1,3,29.69911764705882,0,0,7.7875,1,0,0,1,0,Young Adult
84,0,1,28.0,0,0,47.1,0,1,0,0,1,Young Adult
85,1,2,17.0,0,0,10.5,1,0,0,0,1,Child
86,1,3,33.0,3,0,15.85,1,0,0,0,1,Young Adult
87,0,3,16.0,1,3,34.375,0,1,0,0,1,Child
88,0,3,29.69911764705882,0,0,8.05,0,1,0,0,1,Young Adult
89,1,1,23.0,3,2,263.0,1,0,0,0,1,Young Adult
90,0,3,24.0,0,0,8.05,0,1,0,0,1,Young Adult
91,0,3,29.0,0,0,8.05,0,1,0,0,1,Young Adult
92,0,3,20.0,0,0,7.8542,0,1,0,0,1,Young Adult
93,0,1,46.0,1,0,61.175,0,1,0,0,1,Adult
94,0,3,26.0,1,2,20.575,0,1,0,0,1,Young Adult
95,0,3,59.0,0,0,7.25,0,1,0,0,1,Senior
96,0,3,29.69911764705882,0,0,8.05,0,1,0,0,1,Young Adult
97,0,1,71.0,0,0,34.6542,0,1,1,0,0,Senior
98,1,1,23.0,0,1,63.3583,0,1,1,0,0,Young Adult
99,1,2,34.0,0,1,23.0,1,0,0,0,1,Young Adult
100,0,2,34.0,1,0,26.0,0,1,0,0,1,Young Adult
101,0,3,28.0,0,0,7.8958,1,0,0,0,1,Young Adult
102,0,3,29.69911764705882,0,0,7.8958,0,1,0,0,1,Young Adult
103,0,1,21.0,0,1,77.2875,0,1,0,0,1,Young Adult
104,0,3,33.0,0,0,8.6542,0,1,0,0,1,Young Adult
105,0,3,37.0,2,0,7.925,0,1,0,0,1,Adult
106,0,3,28.0,0,0,7.8958,0,1,0,0,1,Young Adult
107,1,3,21.0,0,0,7.65,1,0,0,0,1,Young Adult
108,1,3,29.69911764705882,0,0,7.775,0,1,0,0,1,Young Adult
109,0,3,38.0,0,0,7.8958,0,1,0,0,1,Adult
110,1,3,29.69911764705882,1,0,24.15,1,0,0,1,0,Young Adult
111,0,1,47.0,0,0,52.0,0,1,0,0,1,Adult
112,0,3,14.5,1,0,14.4542,1,0,1,0,0,Child
113,0,3,22.0,0,0,8.05,0,1,0,0,1,Young Adult
114,0,3,20.0,1,0,9.825,1,0,0,0,1,Young Adult
115,0,3,17.0,0,0,14.4583,1,0,1,0,0,Child
116,0,3,21.0,0,0,7.925,0,1,0,0,1,Young Adult
117,0,3,70.5,0,0,7.75,0,1,0,1,0,Senior
118,0,2,29.0,1,0,21.0,0,1,0,0,1,Young Adult
119,0,1,24.0,0,1,247.5208,0,1,1,0,0,Young Adult
120,0,3,2.0,4,2,31.275,1,0,0,0,1,Child
121,0,2,21.0,2,0,73.5,0,1,0,0,1,Young Adult
122,0,3,29.69911764705882,0,0,8.05,0,1,0,0,1,Young Adult
123,0,2,32.5,1,0,30.0708,0,1,1,0,0,Young Adult
124,1,2,32.5,0,0,13.0,1,0,0,0,1,Young Adult
125,0,1,54.0,0,1,77.2875,0,1,0,0,1,Senior
126,1,3,12.0,1,0,11.2417,0,1,1,0,0,Child
127,0,3,29.69911764705882,0,0,7.75,0,1,0,1,0,Young Adult
128,1,3,24.0,0,0,7.1417,0,1,0,0,1,Young Adult
129,1,3,29.69911764705882,1,1,22.3583,1,0,1,0,0,Young Adult
130,0,3,45.0,0,0,6.975,0,1,0,0,1,Adult
131,0,3,33.0,0,0,7.8958,0,1,1,0,0,Young Adult
132,0,3,20.0,0,0,7.05,0,1,0,0,1,Young Adult
133,0,3,47.0,1,0,14.5,1,0,0,0,1,Adult
134,1,2,29.0,1,0,26.0,1,0,0,0,1,Young Adult
135,0,2,25.0,0,0,13.0,0,1,0,0,1,Young Adult
136,0,2,23.0,0,0,15.0458,0,1,1,0,0,Young Adult
137,1,1,19.0,0,2,26.2833,1,0,0,0,1,Young Adult
138,0,1,37.0,1,0,53.1,0,1,0,0,1,Adult
139,0,3,16.0,0,0,9.2167,0,1,0,0,1,Child
140,0,1,24.0,0,0,79.2,0,1,1,0,0,Young Adult
141,0,3,29.69911764705882,0,2,15.2458,1,0,1,0,0,Young Adult
142,1,3,22.0,0,0,7.75,1,0,0,0,1,Young Adult
143,1,3,24.0,1,0,15.85,1,0,0,0,1,Young Adult
144,0,3,19.0,0,0,6.75,0,1,0,1,0,Young Adult
145,0,2,18.0,0,0,11.5,0,1,0,0,1,Young Adult
146,0,2,19.0,1,1,36.75,0,1,0,0,1,Young Adult
147,1,3,27.0,0,0,7.7958,0,1,0,0,1,Young Adult
148,0,3,9.0,2,2,34.375,1,0,0,0,1,Child
149,0,2,36.5,0,2,26.0,0,1,0,0,1,Adult
150,0,2,42.0,0,0,13.0,0,1,0,0,1,Adult
151,0,2,51.0,0,0,12.525,0,1,0,0,1,Senior
152,1,1,22.0,1,0,66.6,1,0,0,0,1,Young Adult
153,0,3,55.5,0,0,8.05,0,1,0,0,1,Senior
154,0,3,40.5,0,2,14.5,0,1,0,0,1,Adult
155,0,3,29.69911764705882,0,0,7.3125,0,1,0,0,1,Young Adult
156,0,1,51.0,0,1,61.3792,0,1,1,0,0,Senior
157,1,3,16.0,0,0,7.7333,1,0,0,1,0,Child
158,0,3,30.0,0,0,8.05,0,1,0,0,1,Young Adult
159,0,3,29.69911764705882,0,0,8.6625,0,1,0,0,1,Young Adult
160,0,3,29.69911764705882,8,2,69.55,0,1,0,0,1,Young Adult
161,0,3,44.0,0,1,16.1,0,1,0,0,1,Adult
162,1,2,40.0,0,0,15.75,1,0,0,0,1,Adult
163,0,3,26.0,0,0,7.775,0,1,0,0,1,Young Adult
164,0,3,17.0,0,0,8.6625,0,1,0,0,1,Child
165,0,3,1.0,4,1,39.6875,0,1,0,0,1,Child
166,1,3,9.0,0,2,20.525,0,1,0,0,1,Child
167,1,1,29.69911764705882,0,1,55.0,1,0,0,0,1,Young Adult
168,0,3,45.0,1,4,27.9,1,0,0,0,1,Adult
169,0,1,29.69911764705882,0,0,25.925,0,1,0,0,1,Young Adult
170,0,3,28.0,0,0,56.4958,0,1,0,0,1,Young Adult
171,0,1,61.0,0,0,33.5,0,1,0,0,1,Senior
172,0,3,4.0,4,1,29.125,0,1,0,1,0,Child
173,1,3,1.0,1,1,11.1333,1,0,0,0,1,Child
174,0,3,21.0,0,0,7.925,0,1,0,0,1,Young Adult
175,0,1,56.0,0,0,30.6958,0,1,1,0,0,Senior
176,0,3,18.0,1,1,7.8542,0,1,0,0,1,Young Adult
177,0,3,29.69911764705882,3,1,25.4667,0,1,0,0,1,Young Adult
178,0,1,50.0,0,0,28.7125,1,0,1,0,0,Senior
179,0,2,30.0,0,0,13.0,0,1,0,0,1,Young Adult
180,0,3,36.0,0,0,0.0,0,1,0,0,1,Adult
181,0,3,29.69911764705882,8,2,69.55,1,0,0,0,1,Young Adult
182,0,2,29.69911764705882,0,0,15.05,0,1,1,0,0,Young Adult
183,0,3,9.0,4,2,31.3875,0,1,0,0,1,Child
184,1,2,1.0,2,1,39.0,0,1,0,0,1,Child
185,1,3,4.0,0,2,22.025,1,0,0,0,1,Child
186,0,1,29.69911764705882,0,0,50.0,0,1,0,0,1,Young Adult
187,1,3,29.69911764705882,1,0,15.5,1,0,0,1,0,Young Adult
188,1,1,45.0,0,0,26.55,0,1,0,0,1,Adult
189,0,3,40.0,1,1,15.5,0,1,0,1,0,Adult
190,0,3,36.0,0,0,7.8958,0,1,0,0,1,Adult
191,1,2,32.0,0,0,13.0,1,0,0,0,1,Young Adult
192,0,2,19.0,0,0,13.0,0,1,0,0,1,Young Adult
193,1,3,19.0,1,0,7.8542,1,0,0,0,1,Young Adult
194,1,2,3.0,1,1,26.0,0,1,0,0,1,Child
195,1,1,44.0,0,0,27.7208,1,0,1,0,0,Adult
196,1,1,58.0,0,0,146.5208,1,0,1,0,0,Senior
197,0,3,29.69911764705882,0,0,7.75,0,1,0,1,0,Young Adult
198,0,3,42.0,0,1,8.4042,0,1,0,0,1,Adult
199,1,3,29.69911764705882,0,0,7.75,1,0,0,1,0,Young Adult
200,0,2,24.0,0,0,13.0,1,0,0,0,1,Young Adult
201,0,3,28.0,0,0,9.5,0,1,0,0,1,Young Adult
202,0,3,29.69911764705882,8,2,69.55,0,1,0,0,1,Young Adult
203,0,3,34.0,0,0,6.4958,0,1,0,0,1,Young Adult
204,0,3,45.5,0,0,7.225,0,1,1,0,0,Adult
205,1,3,18.0,0,0,8.05,0,1,0,0,1,Young Adult
206,0,3,2.0,0,1,10.4625,1,0,0,0,1,Child
207,0,3,32.0,1,0,15.85,0,1,0,0,1,Young Adult
208,1,3,26.0,0,0,18.7875,0,1,1,0,0,Young Adult
209,1,3,16.0,0,0,7.75,1,0,0,1,0,Child
210,1,1,40.0,0,0,31.0,0,1,1,0,0,Adult
211,0,3,24.0,0,0,7.05,0,1,0,0,1,Young Adult
212,1,2,35.0,0,0,21.0,1,0,0,0,1,Adult
213,0,3,22.0,0,0,7.25,0,1,0,0,1,Young Adult
214,0,2,30.0,0,0,13.0,0,1,0,0,1,Young Adult
215,0,3,29.69911764705882,1,0,7.75,0,1,0,1,0,Young Adult
216,1,1,31.0,1,0,113.275,1,0,1,0,0,Young Adult
217,1,3,27.0,0,0,7.925,1,0,0,0,1,Young Adult
218,0,2,42.0,1,0,27.0,0,1,0,0,1,Adult
219,1,1,32.0,0,0,76.2917,1,0,1,0,0,Young Adult
220,0,2,30.0,0,0,10.5,0,1,0,0,1,Young Adult
221,1,3,16.0,0,0,8.05,0,1,0,0,1,Child
222,0,2,27.0,0,0,13.0,0,1,0,0,1,Young Adult
223,0,3,51.0,0,0,8.05,0,1,0,0,1,Senior
224,0,3,29.69911764705882,0,0,7.8958,0,1,0,0,1,Young Adult
225,1,1,38.0,1,0,90.0,0,1,0,0,1,Adult
226,0,3,22.0,0,0,9.35,0,1,0,0,1,Young Adult
227,1,2,19.0,0,0,10.5,0,1,0,0,1,Young Adult
228,0,3,20.5,0,0,7.25,0,1,0,0,1,Young Adult
229,0,2,18.0,0,0,13.0,0,1,0,0,1,Young Adult
230,0,3,29.69911764705882,3,1,25.4667,1,0,0,0,1,Young Adult
231,1,1,35.0,1,0,83.475,1,0,0,0,1,Adult
232,0,3,29.0,0,0,7.775,0,1,0,0,1,Young Adult
233,0,2,59.0,0,0,13.5,0,1,0,0,1,Senior
234,1,3,5.0,4,2,31.3875,1,0,0,0,1,Child
235,0,2,24.0,0,0,10.5,0,1,0,0,1,Young Adult
236,0,3,29.69911764705882,0,0,7.55,1,0,0,0,1,Young Adult
237,0,2,44.0,1,0,26.0,0,1,0,0,1,Adult
238,1,2,8.0,0,2,26.25,1,0,0,0,1,Child
239,0,2,19.0,0,0,10.5,0,1,0,0,1,Young Adult
240,0,2,33.0,0,0,12.275,0,1,0,0,1,Young Adult
241,0,3,29.69911764705882,1,0,14.4542,1,0,1,0,0,Young Adult
242,1,3,29.69911764705882,1,0,15.5,1,0,0,1,0,Young Adult
243,0,2,29.0,0,0,10.5,0,1,0,0,1,Young Adult
244,0,3,22.0,0,0,7.125,0,1,0,0,1,Young Adult
245,0,3,30.0,0,0,7.225,0,1,1,0,0,Young Adult
246,0,1,44.0,2,0,90.0,0,1,0,1,0,Adult
247,0,3,25.0,0,0,7.775,1,0,0,0,1,Young Adult
248,1,2,24.0,0,2,14.5,1,0,0,0,1,Young Adult
249,1,1,37.0,1,1,52.5542,0,1,0,0,1,Adult
250,0,2,54.0,1,0,26.0,0,1,0,0,1,Senior
251,0,3,29.69911764705882,0,0,7.25,0,1,0,0,1,Young Adult
252,0,3,29.0,1,1,10.4625,1,0,0,0,1,Young Adult
253,0,1,62.0,0,0,26.55,0,1,0,0,1,Senior
254,0,3,30.0,1,0,16.1,0,1,0,0,1,Young Adult
255,0,3,41.0,0,2,20.2125,1,0,0,0,1,Adult
256,1,3,29.0,0,2,15.2458,1,0,1,0,0,Young Adult
257,1,1,29.69911764705882,0,0,79.2,1,0,1,0,0,Young Adult
258,1,1,30.0,0,0,86.5,1,0,0,0,1,Young Adult
259,1,1,35.0,0,0,512.3292,1,0,1,0,0,Adult
260,1,2,50.0,0,1,26.0,1,0,0,0,1,Senior
261,0,3,29.69911764705882,0,0,7.75,0,1,0,1,0,Young Adult
262,1,3,3.0,4,2,31.3875,0,1,0,0,1,Child
263,0,1,52.0,1,1,79.65,0,1,0,0,1,Senior
264,0,1,40.0,0,0,0.0,0,1,0,0,1,Adult
265,0,3,29.69911764705882,0,0,7.75,1,0,0,1,0,Young Adult
266,0,2,36.0,0,0,10.5,0,1,0,0,1,Adult
267,0,3,16.0,4,1,39.6875,0,1,0,0,1,Child
268,1,3,25.0,1,0,7.775,0,1,0,0,1,Young Adult
269,1,1,58.0,0,1,153.4625,1,0,0,0,1,Senior
270,1,1,35.0,0,0,135.6333,1,0,0,0,1,Adult
271,0,1,29.69911764705882,0,0,31.0,0,1,0,0,1,Young Adult
272,1,3,25.0,0,0,0.0,0,1,0,0,1,Young Adult
273,1,2,41.0,0,1,19.5,1,0,0,0,1,Adult
274,0,1,37.0,0,1,29.7,0,1,1,0,0,Adult
275,1,3,29.69911764705882,0,0,7.75,1,0,0,1,0,Young Adult
276,1,1,63.0,1,0,77.9583,1,0,0,0,1,Senior
277,0,3,45.0,0,0,7.75,1,0,0,0,1,Adult
278,0,2,29.69911764705882,0,0,0.0,0,1,0,0,1,Young Adult
279,0,3,7.0,4,1,29.125,0,1,0,1,0,Child
280,1,3,35.0,1,1,20.25,1,0,0,0,1,Adult
281,0,3,65.0,0,0,7.75,0,1,0,1,0,Senior
282,0,3,28.0,0,0,7.8542,0,1,0,0,1,Young Adult
283,0,3,16.0,0,0,9.5,0,1,0,0,1,Child
284,1,3,19.0,0,0,8.05,0,1,0,0,1,Young Adult
285,0,1,29.69911764705882,0,0,26.0,0,1,0,0,1,Young Adult
286,0,3,33.0,0,0,8.6625,0,1,1,0,0,Young Adult
287,1,3,30.0,0,0,9.5,0,1,0,0,1,Young Adult
288,0,3,22.0,0,0,7.8958,0,1,0,0,1,Young Adult
289,1,2,42.0,0,0,13.0,0,1,0,0,1,Adult
290,1,3,22.0,0,0,7.75,1,0,0,1,0,Young Adult
291,1,1,26.0,0,0,78.85,1,0,0,0,1,Young Adult
292,1,1,19.0,1,0,91.0792,1,0,1,0,0,Young Adult
293,0,2,36.0,0,0,12.875,0,1,1,0,0,Adult
294,0,3,24.0,0,0,8.85,1,0,0,0,1,Young Adult
295,0,3,24.0,0,0,7.8958,0,1,0,0,1,Young Adult
296,0,1,29.69911764705882,0,0,27.7208,0,1,1,0,0,Young Adult
297,0,3,23.5,0,0,7.2292,0,1,1,0,0,Young Adult
298,0,1,2.0,1,2,151.55,1,0,0,0,1,Child
299,1,1,29.69911764705882,0,0,30.5,0,1,0,0,1,Young Adult
300,1,1,50.0,0,1,247.5208,1,0,1,0,0,Senior
301,1,3,29.69911764705882,0,0,7.75,1,0,0,1,0,Young Adult
302,1,3,29.69911764705882,2,0,23.25,0,1,0,1,0,Young Adult
303,0,3,19.0,0,0,0.0,0,1,0,0,1,Young Adult
304,1,2,29.69911764705882,0,0,12.35,1,0,0,1,0,Young Adult
305,0,3,29.69911764705882,0,0,8.05,0,1,0,0,1,Young Adult
306,1,1,0.92,1,2,151.55,0,1,0,0,1,Child
307,1,1,29.69911764705882,0,0,110.8833,1,0,1,0,0,Young Adult
308,1,1,17.0,1,0,108.9,1,0,1,0,0,Child
309,0,2,30.0,1,0,24.0,0,1,1,0,0,Young Adult
310,1,1,30.0,0,0,56.9292,1,0,1,0,0,Young Adult
311,1,1,24.0,0,0,83.1583,1,0,1,0,0,Young Adult
312,1,1,18.0,2,2,262.375,1,0,1,0,0,Young Adult
313,0,2,26.0,1,1,26.0,1,0,0,0,1,Young Adult
314,0,3,28.0,0,0,7.8958,0,1,0,0,1,Young Adult
315,0,2,43.0,1,1,26.25,0,1,0,0,1,Adult
316,1,3,26.0,0,0,7.8542,1,0,0,0,1,Young Adult
317,1,2,24.0,1,0,26.0,1,0,0,0,1,Young Adult
318,0,2,54.0,0,0,14.0,0,1,0,0,1,Senior
319,1,1,31.0,0,2,164.8667,1,0,0,0,1,Young Adult
320,1,1,40.0,1,1,134.5,1,0,1,0,0,Adult
321,0,3,22.0,0,0,7.25,0,1,0,0,1,Young Adult
322,0,3,27.0,0,0,7.8958,0,1,0,0,1,Young Adult
323,1,2,30.0,0,0,12.35,1,0,0,1,0,Young Adult
324,1,2,22.0,1,1,29.0,1,0,0,0,1,Young Adult
325,0,3,29.69911764705882,8,2,69.55,0,1,0,0,1,Young Adult
326,1,1,36.0,0,0,135.6333,1,0,1,0,0,Adult
327,0,3,61.0,0,0,6.2375,0,1,0,0,1,Senior
328,1,2,36.0,0,0,13.0,1,0,0,0,1,Adult
329,1,3,31.0,1,1,20.525,1,0,0,0,1,Young Adult
330,1,1,16.0,0,1,57.9792,1,0,1,0,0,Child
331,1,3,29.69911764705882,2,0,23.25,1,0,0,1,0,Young Adult
332,0,1,45.5,0,0,28.5,0,1,0,0,1,Adult
333,0,1,38.0,0,1,153.4625,0,1,0,0,1,Adult
334,0,3,16.0,2,0,18.0,0,1,0,0,1,Child
335,1,1,29.69911764705882,1,0,133.65,1,0,0,0,1,Young Adult
336,0,3,29.69911764705882,0,0,7.8958,0,1,0,0,1,Young Adult
337,0,1,29.0,1,0,66.6,0,1,0,0,1,Young Adult
338,1,1,41.0,0,0,134.5,1,0,1,0,0,Adult
339,1,3,45.0,0,0,8.05,0,1,0,0,1,Adult
340,0,1,45.0,0,0,35.5,0,1,0,0,1,Adult
341,1,2,2.0,1,1,26.0,0,1,0,0,1,Child
342,1,1,24.0,3,2,263.0,1,0,0,0,1,Young Adult
343,0,2,28.0,0,0,13.0,0,1,0,0,1,Young Adult
344,0,2,25.0,0,0,13.0,0,1,0,0,1,Young Adult
345,0,2,36.0,0,0,13.0,0,1,0,0,1,Adult
346,1,2,24.0,0,0,13.0,1,0,0,0,1,Young Adult
347,1,2,40.0,0,0,13.0,1,0,0,0,1,Adult
348,1,3,29.69911764705882,1,0,16.1,1,0,0,0,1,Young Adult
349,1,3,3.0,1,1,15.9,0,1,0,0,1,Child
350,0,3,42.0,0,0,8.6625,0,1,0,0,1,Adult
351,0,3,23.0,0,0,9.225,0,1,0,0,1,Young Adult
352,0,1,29.69911764705882,0,0,35.0,0,1,0,0,1,Young Adult
353,0,3,15.0,1,1,7.2292,0,1,1,0,0,Child
354,0,3,25.0,1,0,17.8,0,1,0,0,1,Young Adult
355,0,3,29.69911764705882,0,0,7.225,0,1,1,0,0,Young Adult
356,0,3,28.0,0,0,9.5,0,1,0,0,1,Young Adult
357,1,1,22.0,0,1,55.0,1,0,0,0,1,Young Adult
358,0,2,38.0,0,0,13.0,1,0,0,0,1,Adult
359,1,3,29.69911764705882,0,0,7.8792,1,0,0,1,0,Young Adult
360,1,3,29.69911764705882,0,0,7.8792,1,0,0,1,0,Young Adult
361,0,3,40.0,1,4,27.9,0,1,0,0,1,Adult
362,0,2,29.0,1,0,27.7208,0,1,1,0,0,Young Adult
363,0,3,45.0,0,1,14.4542,1,0,1,0,0,Adult
364,0,3,35.0,0,0,7.05,0,1,0,0,1,Adult
365,0,3,29.69911764705882,1,0,15.5,0,1,0,1,0,Young Adult
366,0,3,30.0,0,0,7.25,0,1,0,0,1,Young Adult
367,1,1,60.0,1,0,75.25,1,0,1,0,0,Senior
368,1,3,29.69911764705882,0,0,7.2292,1,0,1,0,0,Young Adult
369,1,3,29.69911764705882,0,0,7.75,1,0,0,1,0,Young Adult
370,1,1,24.0,0,0,69.3,1,0,1,0,0,Young Adult
371,1,1,25.0,1,0,55.4417,0,1,1,0,0,Young Adult
372,0,3,18.0,1,0,6.4958,0,1,0,0,1,Young Adult
373,0,3,19.0,0,0,8.05,0,1,0,0,1,Young Adult
374,0,1,22.0,0,0,135.6333,0,1,1,0,0,Young Adult
375,0,3,3.0,3,1,21.075,1,0,0,0,1,Child
376,1,1,29.69911764705882,1,0,82.1708,1,0,1,0,0,Young Adult
377,1,3,22.0,0,0,7.25,1,0,0,0,1,Young Adult
378,0,1,27.0,0,2,211.5,0,1,1,0,0,Young Adult
379,0,3,20.0,0,0,4.0125,0,1,1,0,0,Young Adult
380,0,3,19.0,0,0,7.775,0,1,0,0,1,Young Adult
381,1,1,42.0,0,0,227.525,1,0,1,0,0,Adult
382,1,3,1.0,0,2,15.7417,1,0,1,0,0,Child
383,0,3,32.0,0,0,7.925,0,1,0,0,1,Young Adult
384,1,1,35.0,1,0,52.0,1,0,0,0,1,Adult
385,0,3,29.69911764705882,0,0,7.8958,0,1,0,0,1,Young Adult
386,0,2,18.0,0,0,73.5,0,1,0,0,1,Young Adult
387,0,3,1.0,5,2,46.9,0,1,0,0,1,Child
388,1,2,36.0,0,0,13.0,1,0,0,0,1,Adult
389,0,3,29.69911764705882,0,0,7.7292,0,1,0,1,0,Young Adult
390,1,2,17.0,0,0,12.0,1,0,1,0,0,Child
391,1,1,36.0,1,2,120.0,0,1,0,0,1,Adult
392,1,3,21.0,0,0,7.7958,0,1,0,0,1,Young Adult
393,0,3,28.0,2,0,7.925,0,1,0,0,1,Young Adult
394,1,1,23.0,1,0,113.275,1,0,1,0,0,Young Adult
395,1,3,24.0,0,2,16.7,1,0,0,0,1,Young Adult
396,0,3,22.0,0,0,7.7958,0,1,0,0,1,Young Adult
397,0,3,31.0,0,0,7.8542,1,0,0,0,1,Young Adult
398,0,2,46.0,0,0,26.0,0,1,0,0,1,Adult
399,0,2,23.0,0,0,10.5,0,1,0,0,1,Young Adult
400,1,2,28.0,0,0,12.65,1,0,0,0,1,Young Adult
401,1,3,39.0,0,0,7.925,0,1,0,0,1,Adult
402,0,3,26.0,0,0,8.05,0,1,0,0,1,Young Adult
403,0,3,21.0,1,0,9.825,1,0,0,0,1,Young Adult
404,0,3,28.0,1,0,15.85,0,1,0,0,1,Young Adult
405,0,3,20.0,0,0,8.6625,1,0,0,0,1,Young Adult
406,0,2,34.0,1,0,21.0,0,1,0,0,1,Young Adult
407,0,3,51.0,0,0,7.75,0,1,0,0,1,Senior
408,1,2,3.0,1,1,18.75,0,1,0,0,1,Child
409,0,3,21.0,0,0,7.775,0,1,0,0,1,Young Adult
410,0,3,29.69911764705882,3,1,25.4667,1,0,0,0,1,Young Adult
411,0,3,29.69911764705882,0,0,7.8958,0,1,0,0,1,Young Adult
412,0,3,29.69911764705882,0,0,6.8583,0,1,0,1,0,Young Adult
413,1,1,33.0,1,0,90.0,1,0,0,1,0,Young Adult
414,0,2,29.69911764705882,0,0,0.0,0,1,0,0,1,Young Adult
415,1,3,44.0,0,0,7.925,0,1,0,0,1,Adult
416,0,3,29.69911764705882,0,0,8.05,1,0,0,0,1,Young Adult
417,1,2,34.0,1,1,32.5,1,0,0,0,1,Young Adult
418,1,2,18.0,0,2,13.0,1,0,0,0,1,Young Adult
419,0,2,30.0,0,0,13.0,0,1,0,0,1,Young Adult
420,0,3,10.0,0,2,24.15,1,0,0,0,1,Child
421,0,3,29.69911764705882,0,0,7.8958,0,1,1,0,0,Young Adult
422,0,3,21.0,0,0,7.7333,0,1,0,1,0,Young Adult
423,0,3,29.0,0,0,7.875,0,1,0,0,1,Young Adult
424,0,3,28.0,1,1,14.4,1,0,0,0,1,Young Adult
425,0,3,18.0,1,1,20.2125,0,1,0,0,1,Young Adult
426,0,3,29.69911764705882,0,0,7.25,0,1,0,0,1,Young Adult
427,1,2,28.0,1,0,26.0,1,0,0,0,1,Young Adult
428,1,2,19.0,0,0,26.0,1,0,0,0,1,Young Adult
429,0,3,29.69911764705882,0,0,7.75,0,1,0,1,0,Young Adult
430,1,3,32.0,0,0,8.05,0,1,0,0,1,Young Adult
431,1,1,28.0,0,0,26.55,0,1,0,0,1,Young Adult
432,1,3,29.69911764705882,1,0,16.1,1,0,0,0,1,Young Adult
433,1,2,42.0,1,0,26.0,1,0,0,0,1,Adult
434,0,3,17.0,0,0,7.125,0,1,0,0,1,Child
435,0,1,50.0,1,0,55.9,0,1,0,0,1,Senior
436,1,1,14.0,1,2,120.0,1,0,0,0,1,Child
437,0,3,21.0,2,2,34.375,1,0,0,0,1,Young Adult
438,1,2,24.0,2,3,18.75,1,0,0,0,1,Young Adult
439,0,1,64.0,1,4,263.0,0,1,0,0,1,Senior
440,0,2,31.0,0,0,10.5,0,1,0,0,1,Young Adult
441,1,2,45.0,1,1,26.25,1,0,0,0,1,Adult
442,0,3,20.0,0,0,9.5,0,1,0,0,1,Young Adult
443,0,3,25.0,1,0,7.775,0,1,0,0,1,Young Adult
444,1,2,28.0,0,0,13.0,1,0,0,0,1,Young Adult
445,1,3,29.69911764705882,0,0,8.1125,0,1,0,0,1,Young Adult
446,1,1,4.0,0,2,81.8583,0,1,0,0,1,Child
447,1,2,13.0,0,1,19.5,1,0,0,0,1,Child
448,1,1,34.0,0,0,26.55,0,1,0,0,1,Young Adult
449,1,3,5.0,2,1,19.2583,1,0,1,0,0,Child
450,1,1,52.0,0,0,30.5,0,1,0,0,1,Senior
451,0,2,36.0,1,2,27.75,0,1,0,0,1,Adult
452,0,3,29.69911764705882,1,0,19.9667,0,1,0,0,1,Young Adult
453,0,1,30.0,0,0,27.75,0,1,1,0,0,Young Adult
454,1,1,49.0,1,0,89.1042,0,1,1,0,0,Adult
455,0,3,29.69911764705882,0,0,8.05,0,1,0,0,1,Young Adult
456,1,3,29.0,0,0,7.8958,0,1,1,0,0,Young Adult
457,0,1,65.0,0,0,26.55,0,1,0,0,1,Senior
458,1,1,29.69911764705882,1,0,51.8625,1,0,0,0,1,Young Adult
459,1,2,50.0,0,0,10.5,1,0,0,0,1,Senior
460,0,3,29.69911764705882,0,0,7.75,0,1,0,1,0,Young Adult
461,1,1,48.0,0,0,26.55,0,1,0,0,1,Adult
462,0,3,34.0,0,0,8.05,0,1,0,0,1,Young Adult
463,0,1,47.0,0,0,38.5,0,1,0,0,1,Adult
464,0,2,48.0,0,0,13.0,0,1,0,0,1,Adult
465,0,3,29.69911764705882,0,0,8.05,0,1,0,0,1,Young Adult
466,0,3,38.0,0,0,7.05,0,1,0,0,1,Adult
467,0,2,29.69911764705882,0,0,0.0,0,1,0,0,1,Young Adult
468,0,1,56.0,0,0,26.55,0,1,0,0,1,Senior
469,0,3,29.69911764705882,0,0,7.725,0,1,0,1,0,Young Adult
470,1,3,0.75,2,1,19.2583,1,0,1,0,0,Child
471,0,3,29.69911764705882,0,0,7.25,0,1,0,0,1,Young Adult
472,0,3,38.0,0,0,8.6625,0,1,0,0,1,Adult
473,1,2,33.0,1,2,27.75,1,0,0,0,1,Young Adult
474,1,2,23.0,0,0,13.7917,1,0,1,0,0,Young Adult
475,0,3,22.0,0,0,9.8375,1,0,0,0,1,Young Adult
476,0,1,29.69911764705882,0,0,52.0,0,1,0,0,1,Young Adult
477,0,2,34.0,1,0,21.0,0,1,0,0,1,Young Adult
478,0,3,29.0,1,0,7.0458,0,1,0,0,1,Young Adult
479,0,3,22.0,0,0,7.5208,0,1,0,0,1,Young Adult
480,1,3,2.0,0,1,12.2875,1,0,0,0,1,Child
481,0,3,9.0,5,2,46.9,0,1,0,0,1,Child
482,0,2,29.69911764705882,0,0,0.0,0,1,0,0,1,Young Adult
483,0,3,50.0,0,0,8.05,0,1,0,0,1,Senior
484,1,3,63.0,0,0,9.5875,1,0,0,0,1,Senior
485,1,1,25.0,1,0,91.0792,0,1,1,0,0,Young Adult
486,0,3,29.69911764705882,3,1,25.4667,1,0,0,0,1,Young Adult
487,1,1,35.0,1,0,90.0,1,0,0,0,1,Adult
488,0,1,58.0,0,0,29.7,0,1,1,0,0,Senior
489,0,3,30.0,0,0,8.05,0,1,0,0,1,Young Adult
490,1,3,9.0,1,1,15.9,0,1,0,0,1,Child
491,0,3,29.69911764705882,1,0,19.9667,0,1,0,0,1,Young Adult
492,0,3,21.0,0,0,7.25,0,1,0,0,1,Young Adult
493,0,1,55.0,0,0,30.5,0,1,0,0,1,Senior
494,0,1,71.0,0,0,49.5042,0,1,1,0,0,Senior
495,0,3,21.0,0,0,8.05,0,1,0,0,1,Young Adult
496,0,3,29.69911764705882,0,0,14.4583,0,1,1,0,0,Young Adult
497,1,1,54.0,1,0,78.2667,1,0,1,0,0,Senior
498,0,3,29.69911764705882,0,0,15.1,0,1,0,0,1,Young Adult
499,0,1,25.0,1,2,151.55,1,0,0,0,1,Young Adult
500,0,3,24.0,0,0,7.7958,0,1,0,0,1,Young Adult
501,0,3,17.0,0,0,8.6625,0,1,0,0,1,Child
502,0,3,21.0,0,0,7.75,1,0,0,1,0,Young Adult
503,0,3,29.69911764705882,0,0,7.6292,1,0,0,1,0,Young Adult
504,0,3,37.0,0,0,9.5875,1,0,0,0,1,Adult
505,1,1,16.0,0,0,86.5,1,0,0,0,1,Child
506,0,1,18.0,1,0,108.9,0,1,1,0,0,Young Adult
507,1,2,33.0,0,2,26.0,1,0,0,0,1,Young Adult
508,1,1,29.69911764705882,0,0,26.55,0,1,0,0,1,Young Adult
509,0,3,28.0,0,0,22.525,0,1,0,0,1,Young Adult
510,1,3,26.0,0,0,56.4958,0,1,0,0,1,Young Adult
511,1,3,29.0,0,0,7.75,0,1,0,1,0,Young Adult
512,0,3,29.69911764705882,0,0,8.05,0,1,0,0,1,Young Adult
513,1,1,36.0,0,0,26.2875,0,1,0,0,1,Adult
514,1,1,54.0,1,0,59.4,1,0,1,0,0,Senior
515,0,3,24.0,0,0,7.4958,0,1,0,0,1,Young Adult
516,0,1,47.0,0,0,34.0208,0,1,0,0,1,Adult
517,1,2,34.0,0,0,10.5,1,0,0,0,1,Young Adult
518,0,3,29.69911764705882,0,0,24.15,0,1,0,1,0,Young Adult
519,1,2,36.0,1,0,26.0,1,0,0,0,1,Adult
520,0,3,32.0,0,0,7.8958,0,1,0,0,1,Young Adult
521,1,1,30.0,0,0,93.5,1,0,0,0,1,Young Adult
522,0,3,22.0,0,0,7.8958,0,1,0,0,1,Young Adult
523,0,3,29.69911764705882,0,0,7.225,0,1,1,0,0,Young Adult
524,1,1,44.0,0,1,57.9792,1,0,1,0,0,Adult
525,0,3,29.69911764705882,0,0,7.2292,0,1,1,0,0,Young Adult
526,0,3,40.5,0,0,7.75,0,1,0,1,0,Adult
527,1,2,50.0,0,0,10.5,1,0,0,0,1,Senior
528,0,1,29.69911764705882,0,0,221.7792,0,1,0,0,1,Young Adult
529,0,3,39.0,0,0,7.925,0,1,0,0,1,Adult
530,0,2,23.0,2,1,11.5,0,1,0,0,1,Young Adult
531,1,2,2.0,1,1,26.0,1,0,0,0,1,Child
532,0,3,29.69911764705882,0,0,7.2292,0,1,1,0,0,Young Adult
533,0,3,17.0,1,1,7.2292,0,1,1,0,0,Child
534,1,3,29.69911764705882,0,2,22.3583,1,0,1,0,0,Young Adult
535,0,3,30.0,0,0,8.6625,1,0,0,0,1,Young Adult
536,1,2,7.0,0,2,26.25,1,0,0,0,1,Child
537,0,1,45.0,0,0,26.55,0,1,0,0,1,Adult
538,1,1,30.0,0,0,106.425,1,0,1,0,0,Young Adult
539,0,3,29.69911764705882,0,0,14.5,0,1,0,0,1,Young Adult
540,1,1,22.0,0,2,49.5,1,0,1,0,0,Young Adult
541,1,1,36.0,0,2,71.0,1,0,0,0,1,Adult
542,0,3,9.0,4,2,31.275,1,0,0,0,1,Child
543,0,3,11.0,4,2,31.275,1,0,0,0,1,Child
544,1,2,32.0,1,0,26.0,0,1,0,0,1,Young Adult
545,0,1,50.0,1,0,106.425,0,1,1,0,0,Senior
546,0,1,64.0,0,0,26.0,0,1,0,0,1,Senior
547,1,2,19.0,1,0,26.0,1,0,0,0,1,Young Adult
548,1,2,29.69911764705882,0,0,13.8625,0,1,1,0,0,Young Adult
549,0,3,33.0,1,1,20.525,0,1,0,0,1,Young Adult
550,1,2,8.0,1,1,36.75,0,1,0,0,1,Child
551,1,1,17.0,0,2,110.8833,0,1,1,0,0,Child
552,0,2,27.0,0,0,26.0,0,1,0,0,1,Young Adult
553,0,3,29.69911764705882,0,0,7.8292,0,1,0,1,0,Young Adult
554,1,3,22.0,0,0,7.225,0,1,1,0,0,Young Adult
555,1,3,22.0,0,0,7.775,1,0,0,0,1,Young Adult
556,0,1,62.0,0,0,26.55,0,1,0,0,1,Senior
557,1,1,48.0,1,0,39.6,1,0,1,0,0,Adult
558,0,1,29.69911764705882,0,0,227.525,0,1,1,0,0,Young Adult
559,1,1,39.0,1,1,79.65,1,0,0,0,1,Adult
560,1,3,36.0,1,0,17.4,1,0,0,0,1,Adult
561,0,3,29.69911764705882,0,0,7.75,0,1,0,1,0,Young Adult
562,0,3,40.0,0,0,7.8958,0,1,0,0,1,Adult
563,0,2,28.0,0,0,13.5,0,1,0,0,1,Young Adult
564,0,3,29.69911764705882,0,0,8.05,0,1,0,0,1,Young Adult
565,0,3,29.69911764705882,0,0,8.05,1,0,0,0,1,Young Adult
566,0,3,24.0,2,0,24.15,0,1,0,0,1,Young Adult
567,0,3,19.0,0,0,7.8958,0,1,0,0,1,Young Adult
568,0,3,29.0,0,4,21.075,1,0,0,0,1,Young Adult
569,0,3,29.69911764705882,0,0,7.2292,0,1,1,0,0,Young Adult
570,1,3,32.0,0,0,7.8542,0,1,0,0,1,Young Adult
571,1,2,62.0,0,0,10.5,0,1,0,0,1,Senior
572,1,1,53.0,2,0,51.4792,1,0,0,0,1,Senior
573,1,1,36.0,0,0,26.3875,0,1,0,0,1,Adult
574,1,3,29.69911764705882,0,0,7.75,1,0,0,1,0,Young Adult
575,0,3,16.0,0,0,8.05,0,1,0,0,1,Child
576,0,3,19.0,0,0,14.5,0,1,0,0,1,Young Adult
577,1,2,34.0,0,0,13.0,1,0,0,0,1,Young Adult
578,1,1,39.0,1,0,55.9,1,0,0,0,1,Adult
579,0,3,29.69911764705882,1,0,14.4583,1,0,1,0,0,Young Adult
580,1,3,32.0,0,0,7.925,0,1,0,0,1,Young Adult
581,1,2,25.0,1,1,30.0,1,0,0,0,1,Young Adult
582,1,1,39.0,1,1,110.8833,1,0,1,0,0,Adult
583,0,2,54.0,0,0,26.0,0,1,0,0,1,Senior
584,0,1,36.0,0,0,40.125,0,1,1,0,0,Adult
585,0,3,29.69911764705882,0,0,8.7125,0,1,1,0,0,Young Adult
586,1,1,18.0,0,2,79.65,1,0,0,0,1,Young Adult
587,0,2,47.0,0,0,15.0,0,1,0,0,1,Adult
588,1,1,60.0,1,1,79.2,0,1,1,0,0,Senior
589,0,3,22.0,0,0,8.05,0,1,0,0,1,Young Adult
590,0,3,29.69911764705882,0,0,8.05,0,1,0,0,1,Young Adult
591,0,3,35.0,0,0,7.125,0,1,0,0,1,Adult
592,1,1,52.0,1,0,78.2667,1,0,1,0,0,Senior
593,0,3,47.0,0,0,7.25,0,1,0,0,1,Adult
594,0,3,29.69911764705882,0,2,7.75,1,0,0,1,0,Young Adult
595,0,2,37.0,1,0,26.0,0,1,0,0,1,Adult
596,0,3,36.0,1,1,24.15,0,1,0,0,1,Adult
597,1,2,29.69911764705882,0,0,33.0,1,0,0,0,1,Young Adult
598,0,3,49.0,0,0,0.0,0,1,0,0,1,Adult
599,0,3,29.69911764705882,0,0,7.225,0,1,1,0,0,Young Adult
600,1,1,49.0,1,0,56.9292,0,1,1,0,0,Adult
601,1,2,24.0,2,1,27.0,1,0,0,0,1,Young Adult
602,0,3,29.69911764705882,0,0,7.8958,0,1,0,0,1,Young Adult
603,0,1,29.69911764705882,0,0,42.4,0,1,0,0,1,Young Adult
604,0,3,44.0,0,0,8.05,0,1,0,0,1,Adult
605,1,1,35.0,0,0,26.55,0,1,1,0,0,Adult
606,0,3,36.0,1,0,15.55,0,1,0,0,1,Adult
607,0,3,30.0,0,0,7.8958,0,1,0,0,1,Young Adult
608,1,1,27.0,0,0,30.5,0,1,0,0,1,Young Adult
609,1,2,22.0,1,2,41.5792,1,0,1,0,0,Young Adult
610,1,1,40.0,0,0,153.4625,1,0,0,0,1,Adult
611,0,3,39.0,1,5,31.275,1,0,0,0,1,Adult
612,0,3,29.69911764705882,0,0,7.05,0,1,0,0,1,Young Adult
613,1,3,29.69911764705882,1,0,15.5,1,0,0,1,0,Young Adult
614,0,3,29.69911764705882,0,0,7.75,0,1,0,1,0,Young Adult
615,0,3,35.0,0,0,8.05,0,1,0,0,1,Adult
616,1,2,24.0,1,2,65.0,1,0,0,0,1,Young Adult
617,0,3,34.0,1,1,14.4,0,1,0,0,1,Young Adult
618,0,3,26.0,1,0,16.1,1,0,0,0,1,Young Adult
619,1,2,4.0,2,1,39.0,1,0,0,0,1,Child
620,0,2,26.0,0,0,10.5,0,1,0,0,1,Young Adult
621,0,3,27.0,1,0,14.4542,0,1,1,0,0,Young Adult
622,1,1,42.0,1,0,52.5542,0,1,0,0,1,Adult
623,1,3,20.0,1,1,15.7417,0,1,1,0,0,Young Adult
624,0,3,21.0,0,0,7.8542,0,1,0,0,1,Young Adult
625,0,3,21.0,0,0,16.1,0,1,0,0,1,Young Adult
626,0,1,61.0,0,0,32.3208,0,1,0,0,1,Senior
627,0,2,57.0,0,0,12.35,0,1,0,1,0,Senior
628,1,1,21.0,0,0,77.9583,1,0,0,0,1,Young Adult
629,0,3,26.0,0,0,7.8958,0,1,0,0,1,Young Adult
630,0,3,29.69911764705882,0,0,7.7333,0,1,0,1,0,Young Adult
631,1,1,80.0,0,0,30.0,0,1,0,0,1,Senior
632,0,3,51.0,0,0,7.0542,0,1,0,0,1,Senior
633,1,1,32.0,0,0,30.5,0,1,1,0,0,Young Adult
634,0,1,29.69911764705882,0,0,0.0,0,1,0,0,1,Young Adult
635,0,3,9.0,3,2,27.9,1,0,0,0,1,Child
636,1,2,28.0,0,0,13.0,1,0,0,0,1,Young Adult
637,0,3,32.0,0,0,7.925,0,1,0,0,1,Young Adult
638,0,2,31.0,1,1,26.25,0,1,0,0,1,Young Adult
639,0,3,41.0,0,5,39.6875,1,0,0,0,1,Adult
640,0,3,29.69911764705882,1,0,16.1,0,1,0,0,1,Young Adult
641,0,3,20.0,0,0,7.8542,0,1,0,0,1,Young Adult
642,1,1,24.0,0,0,69.3,1,0,1,0,0,Young Adult
643,0,3,2.0,3,2,27.9,1,0,0,0,1,Child
644,1,3,29.69911764705882,0,0,56.4958,0,1,0,0,1,Young Adult
645,1,3,0.75,2,1,19.2583,1,0,1,0,0,Child
646,1,1,48.0,1,0,76.7292,0,1,1,0,0,Adult
647,0,3,19.0,0,0,7.8958,0,1,0,0,1,Young Adult
648,1,1,56.0,0,0,35.5,0,1,1,0,0,Senior
649,0,3,29.69911764705882,0,0,7.55,0,1,0,0,1,Young Adult
650,1,3,23.0,0,0,7.55,1,0,0,0,1,Young Adult
651,0,3,29.69911764705882,0,0,7.8958,0,1,0,0,1,Young Adult
652,1,2,18.0,0,1,23.0,1,0,0,0,1,Young Adult
653,0,3,21.0,0,0,8.4333,0,1,0,0,1,Young Adult
654,1,3,29.69911764705882,0,0,7.8292,1,0,0,1,0,Young Adult
655,0,3,18.0,0,0,6.75,1,0,0,1,0,Young Adult
656,0,2,24.0,2,0,73.5,0,1,0,0,1,Young Adult
657,0,3,29.69911764705882,0,0,7.8958,0,1,0,0,1,Young Adult
658,0,3,32.0,1,1,15.5,1,0,0,1,0,Young Adult
659,0,2,23.0,0,0,13.0,0,1,0,0,1,Young Adult
660,0,1,58.0,0,2,113.275,0,1,1,0,0,Senior
661,1,1,50.0,2,0,133.65,0,1,0,0,1,Senior
662,0,3,40.0,0,0,7.225,0,1,1,0,0,Adult
663,0,1,47.0,0,0,25.5875,0,1,0,0,1,Adult
664,0,3,36.0,0,0,7.4958,0,1,0,0,1,Adult
665,1,3,20.0,1,0,7.925,0,1,0,0,1,Young Adult
666,0,2,32.0,2,0,73.5,0,1,0,0,1,Young Adult
667,0,2,25.0,0,0,13.0,0,1,0,0,1,Young Adult
668,0,3,29.69911764705882,0,0,7.775,0,1,0,0,1,Young Adult
669,0,3,43.0,0,0,8.05,0,1,0,0,1,Adult
670,1,1,29.69911764705882,1,0,52.0,1,0,0,0,1,Young Adult
671,1,2,40.0,1,1,39.0,1,0,0,0,1,Adult
672,0,1,31.0,1,0,52.0,0,1,0,0,1,Young Adult
673,0,2,70.0,0,0,10.5,0,1,0,0,1,Senior
674,1,2,31.0,0,0,13.0,0,1,0,0,1,Young Adult
675,0,2,29.69911764705882,0,0,0.0,0,1,0,0,1,Young Adult
676,0,3,18.0,0,0,7.775,0,1,0,0,1,Young Adult
677,0,3,24.5,0,0,8.05,0,1,0,0,1,Young Adult
678,1,3,18.0,0,0,9.8417,1,0,0,0,1,Young Adult
679,0,3,43.0,1,6,46.9,1,0,0,0,1,Adult
680,1,1,36.0,0,1,512.3292,0,1,1,0,0,Adult
681,0,3,29.69911764705882,0,0,8.1375,1,0,0,1,0,Young Adult
682,1,1,27.0,0,0,76.7292,0,1,1,0,0,Young Adult
683,0,3,20.0,0,0,9.225,0,1,0,0,1,Young Adult
684,0,3,14.0,5,2,46.9,0,1,0,0,1,Child
685,0,2,60.0,1,1,39.0,0,1,0,0,1,Senior
686,0,2,25.0,1,2,41.5792,0,1,1,0,0,Young Adult
687,0,3,14.0,4,1,39.6875,0,1,0,0,1,Child
688,0,3,19.0,0,0,10.1708,0,1,0,0,1,Young Adult
689,0,3,18.0,0,0,7.7958,0,1,0,0,1,Young Adult
690,1,1,15.0,0,1,211.3375,1,0,0,0,1,Child
691,1,1,31.0,1,0,57.0,0,1,0,0,1,Young Adult
692,1,3,4.0,0,1,13.4167,1,0,1,0,0,Child
693,1,3,29.69911764705882,0,0,56.4958,0,1,0,0,1,Young Adult
694,0,3,25.0,0,0,7.225,0,1,1,0,0,Young Adult
695,0,1,60.0,0,0,26.55,0,1,0,0,1,Senior
696,0,2,52.0,0,0,13.5,0,1,0,0,1,Senior
697,0,3,44.0,0,0,8.05,0,1,0,0,1,Adult
698,1,3,29.69911764705882,0,0,7.7333,1,0,0,1,0,Young Adult
699,0,1,49.0,1,1,110.8833,0,1,1,0,0,Adult
700,0,3,42.0,0,0,7.65,0,1,0,0,1,Adult
701,1,1,18.0,1,0,227.525,1,0,1,0,0,Young Adult
702,1,1,35.0,0,0,26.2875,0,1,0,0,1,Adult
703,0,3,18.0,0,1,14.4542,1,0,1,0,0,Young Adult
704,0,3,25.0,0,0,7.7417,0,1,0,1,0,Young Adult
705,0,3,26.0,1,0,7.8542,0,1,0,0,1,Young Adult
706,0,2,39.0,0,0,26.0,0,1,0,0,1,Adult
707,1,2,45.0,0,0,13.5,1,0,0,0,1,Adult
708,1,1,42.0,0,0,26.2875,0,1,0,0,1,Adult
709,1,1,22.0,0,0,151.55,1,0,0,0,1,Young Adult
710,1,3,29.69911764705882,1,1,15.2458,0,1,1,0,0,Young Adult
711,1,1,24.0,0,0,49.5042,1,0,1,0,0,Young Adult
712,0,1,29.69911764705882,0,0,26.55,0,1,0,0,1,Young Adult
713,1,1,48.0,1,0,52.0,0,1,0,0,1,Adult
714,0,3,29.0,0,0,9.4833,0,1,0,0,1,Young Adult
715,0,2,52.0,0,0,13.0,0,1,0,0,1,Senior
716,0,3,19.0,0,0,7.65,0,1,0,0,1,Young Adult
717,1,1,38.0,0,0,227.525,1,0,1,0,0,Adult
718,1,2,27.0,0,0,10.5,1,0,0,0,1,Young Adult
719,0,3,29.69911764705882,0,0,15.5,0,1,0,1,0,Young Adult
720,0,3,33.0,0,0,7.775,0,1,0,0,1,Young Adult
721,1,2,6.0,0,1,33.0,1,0,0,0,1,Child
722,0,3,17.0,1,0,7.0542,0,1,0,0,1,Child
723,0,2,34.0,0,0,13.0,0,1,0,0,1,Young Adult
724,0,2,50.0,0,0,13.0,0,1,0,0,1,Senior
725,1,1,27.0,1,0,53.1,0,1,0,0,1,Young Adult
726,0,3,20.0,0,0,8.6625,0,1,0,0,1,Young Adult
727,1,2,30.0,3,0,21.0,1,0,0,0,1,Young Adult
728,1,3,29.69911764705882,0,0,7.7375,1,0,0,1,0,Young Adult
729,0,2,25.0,1,0,26.0,0,1,0,0,1,Young Adult
730,0,3,25.0,1,0,7.925,1,0,0,0,1,Young Adult
731,1,1,29.0,0,0,211.3375,1,0,0,0,1,Young Adult
732,0,3,11.0,0,0,18.7875,0,1,1,0,0,Child
733,0,2,29.69911764705882,0,0,0.0,0,1,0,0,1,Young Adult
734,0,2,23.0,0,0,13.0,0,1,0,0,1,Young Adult
735,0,2,23.0,0,0,13.0,0,1,0,0,1,Young Adult
736,0,3,28.5,0,0,16.1,0,1,0,0,1,Young Adult
737,0,3,48.0,1,3,34.375,1,0,0,0,1,Adult
738,1,1,35.0,0,0,512.3292,0,1,1,0,0,Adult
739,0,3,29.69911764705882,0,0,7.8958,0,1,0,0,1,Young Adult
740,0,3,29.69911764705882,0,0,7.8958,0,1,0,0,1,Young Adult
741,1,1,29.69911764705882,0,0,30.0,0,1,0,0,1,Young Adult
742,0,1,36.0,1,0,78.85,0,1,0,0,1,Adult
743,1,1,21.0,2,2,262.375,1,0,1,0,0,Young Adult
744,0,3,24.0,1,0,16.1,0,1,0,0,1,Young Adult
745,1,3,31.0,0,0,7.925,0,1,0,0,1,Young Adult
746,0,1,70.0,1,1,71.0,0,1,0,0,1,Senior
747,0,3,16.0,1,1,20.25,0,1,0,0,1,Child
748,1,2,30.0,0,0,13.0,1,0,0,0,1,Young Adult
749,0,1,19.0,1,0,53.1,0,1,0,0,1,Young Adult
750,0,3,31.0,0,0,7.75,0,1,0,1,0,Young Adult
751,1,2,4.0,1,1,23.0,1,0,0,0,1,Child
752,1,3,6.0,0,1,12.475,0,1,0,0,1,Child
753,0,3,33.0,0,0,9.5,0,1,0,0,1,Young Adult
754,0,3,23.0,0,0,7.8958,0,1,0,0,1,Young Adult
755,1,2,48.0,1,2,65.0,1,0,0,0,1,Adult
756,1,2,0.67,1,1,14.5,0,1,0,0,1,Child
757,0,3,28.0,0,0,7.7958,0,1,0,0,1,Young Adult
758,0,2,18.0,0,0,11.5,0,1,0,0,1,Young Adult
759,0,3,34.0,0,0,8.05,0,1,0,0,1,Young Adult
760,1,1,33.0,0,0,86.5,1,0,0,0,1,Young Adult
761,0,3,29.69911764705882,0,0,14.5,0,1,0,0,1,Young Adult
762,0,3,41.0,0,0,7.125,0,1,0,0,1,Adult
763,1,3,20.0,0,0,7.2292,0,1,1,0,0,Young Adult
764,1,1,36.0,1,2,120.0,1,0,0,0,1,Adult
765,0,3,16.0,0,0,7.775,0,1,0,0,1,Child
766,1,1,51.0,1,0,77.9583,1,0,0,0,1,Senior
767,0,1,29.69911764705882,0,0,39.6,0,1,1,0,0,Young Adult
768,0,3,30.5,0,0,7.75,1,0,0,1,0,Young Adult
769,0,3,29.69911764705882,1,0,24.15,0,1,0,1,0,Young Adult
770,0,3,32.0,0,0,8.3625,0,1,0,0,1,Young Adult
771,0,3,24.0,0,0,9.5,0,1,0,0,1,Young Adult
772,0,3,48.0,0,0,7.8542,0,1,0,0,1,Adult
773,0,2,57.0,0,0,10.5,1,0,0,0,1,Senior
774,0,3,29.69911764705882,0,0,7.225,0,1,1,0,0,Young Adult
775,1,2,54.0,1,3,23.0,1,0,0,0,1,Senior
776,0,3,18.0,0,0,7.75,0,1,0,0,1,Young Adult
777,0,3,29.69911764705882,0,0,7.75,0,1,0,1,0,Young Adult
778,1,3,5.0,0,0,12.475,1,0,0,0,1,Child
779,0,3,29.69911764705882,0,0,7.7375,0,1,0,1,0,Young Adult
780,1,1,43.0,0,1,211.3375,1,0,0,0,1,Adult
781,1,3,13.0,0,0,7.2292,1,0,1,0,0,Child
782,1,1,17.0,1,0,57.0,1,0,0,0,1,Child
783,0,1,29.0,0,0,30.0,0,1,0,0,1,Young Adult
784,0,3,29.69911764705882,1,2,23.45,0,1,0,0,1,Young Adult
785,0,3,25.0,0,0,7.05,0,1,0,0,1,Young Adult
786,0,3,25.0,0,0,7.25,0,1,0,0,1,Young Adult
787,1,3,18.0,0,0,7.4958,1,0,0,0,1,Young Adult
788,0,3,8.0,4,1,29.125,0,1,0,1,0,Child
789,1,3,1.0,1,2,20.575,0,1,0,0,1,Child
790,0,1,46.0,0,0,79.2,0,1,1,0,0,Adult
791,0,3,29.69911764705882,0,0,7.75,0,1,0,1,0,Young Adult
792,0,2,16.0,0,0,26.0,0,1,0,0,1,Child
793,0,3,29.69911764705882,8,2,69.55,1,0,0,0,1,Young Adult
794,0,1,29.69911764705882,0,0,30.6958,0,1,1,0,0,Young Adult
795,0,3,25.0,0,0,7.8958,0,1,0,0,1,Young Adult
796,0,2,39.0,0,0,13.0,0,1,0,0,1,Adult
797,1,1,49.0,0,0,25.9292,1,0,0,0,1,Adult
798,1,3,31.0,0,0,8.6833,1,0,0,0,1,Young Adult
799,0,3,30.0,0,0,7.2292,0,1,1,0,0,Young Adult
800,0,3,30.0,1,1,24.15,1,0,0,0,1,Young Adult
801,0,2,34.0,0,0,13.0,0,1,0,0,1,Young Adult
802,1,2,31.0,1,1,26.25,1,0,0,0,1,Young Adult
803,1,1,11.0,1,2,120.0,0,1,0,0,1,Child
804,1,3,0.42,0,1,8.5167,0,1,1,0,0,Child
805,1,3,27.0,0,0,6.975,0,1,0,0,1,Young Adult
806,0,3,31.0,0,0,7.775,0,1,0,0,1,Young Adult
807,0,1,39.0,0,0,0.0,0,1,0,0,1,Adult
808,0,3,18.0,0,0,7.775,1,0,0,0,1,Young Adult
809,0,2,39.0,0,0,13.0,0,1,0,0,1,Adult
810,1,1,33.0,1,0,53.1,1,0,0,0,1,Young Adult
811,0,3,26.0,0,0,7.8875,0,1,0,0,1,Young Adult
812,0,3,39.0,0,0,24.15,0,1,0,0,1,Adult
813,0,2,35.0,0,0,10.5,0,1,0,0,1,Adult
814,0,3,6.0,4,2,31.275,1,0,0,0,1,Child
815,0,3,30.5,0,0,8.05,0,1,0,0,1,Young Adult
816,0,1,29.69911764705882,0,0,0.0,0,1,0,0,1,Young Adult
817,0,3,23.0,0,0,7.925,1,0,0,0,1,Young Adult
818,0,2,31.0,1,1,37.0042,0,1,1,0,0,Young Adult
819,0,3,43.0,0,0,6.45,0,1,0,0,1,Adult
820,0,3,10.0,3,2,27.9,0,1,0,0,1,Child
821,1,1,52.0,1,1,93.5,1,0,0,0,1,Senior
822,1,3,27.0,0,0,8.6625,0,1,0,0,1,Young Adult
823,0,1,38.0,0,0,0.0,0,1,0,0,1,Adult
824,1,3,27.0,0,1,12.475,1,0,0,0,1,Young Adult
825,0,3,2.0,4,1,39.6875,0,1,0,0,1,Child
826,0,3,29.69911764705882,0,0,6.95,0,1,0,1,0,Young Adult
827,0,3,29.69911764705882,0,0,56.4958,0,1,0,0,1,Young Adult
828,1,2,1.0,0,2,37.0042,0,1,1,0,0,Child
829,1,3,29.69911764705882,0,0,7.75,0,1,0,1,0,Young Adult
830,1,1,62.0,0,0,80.0,1,0,0,0,1,Senior
831,1,3,15.0,1,0,14.4542,1,0,1,0,0,Child
832,1,2,0.83,1,1,18.75,0,1,0,0,1,Child
833,0,3,29.69911764705882,0,0,7.2292,0,1,1,0,0,Young Adult
834,0,3,23.0,0,0,7.8542,0,1,0,0,1,Young Adult
835,0,3,18.0,0,0,8.3,0,1,0,0,1,Young Adult
836,1,1,39.0,1,1,83.1583,1,0,1,0,0,Adult
837,0,3,21.0,0,0,8.6625,0,1,0,0,1,Young Adult
838,0,3,29.69911764705882,0,0,8.05,0,1,0,0,1,Young Adult
839,1,3,32.0,0,0,56.4958,0,1,0,0,1,Young Adult
840,1,1,29.69911764705882,0,0,29.7,0,1,1,0,0,Young Adult
841,0,3,20.0,0,0,7.925,0,1,0,0,1,Young Adult
842,0,2,16.0,0,0,10.5,0,1,0,0,1,Child
843,1,1,30.0,0,0,31.0,1,0,1,0,0,Young Adult
844,0,3,34.5,0,0,6.4375,0,1,1,0,0,Young Adult
845,0,3,17.0,0,0,8.6625,0,1,0,0,1,Child
846,0,3,42.0,0,0,7.55,0,1,0,0,1,Adult
847,0,3,29.69911764705882,8,2,69.55,0,1,0,0,1,Young Adult
848,0,3,35.0,0,0,7.8958,0,1,1,0,0,Adult
849,0,2,28.0,0,1,33.0,0,1,0,0,1,Young Adult
850,1,1,29.69911764705882,1,0,89.1042,1,0,1,0,0,Young Adult
851,0,3,4.0,4,2,31.275,0,1,0,0,1,Child
852,0,3,74.0,0,0,7.775,0,1,0,0,1,Senior
853,0,3,9.0,1,1,15.2458,1,0,1,0,0,Child
854,1,1,16.0,0,1,39.4,1,0,0,0,1,Child
855,0,2,44.0,1,0,26.0,1,0,0,0,1,Adult
856,1,3,18.0,0,1,9.35,1,0,0,0,1,Young Adult
857,1,1,45.0,1,1,164.8667,1,0,0,0,1,Adult
858,1,1,51.0,0,0,26.55,0,1,0,0,1,Senior
859,1,3,24.0,0,3,19.2583,1,0,1,0,0,Young Adult
860,0,3,29.69911764705882,0,0,7.2292,0,1,1,0,0,Young Adult
861,0,3,41.0,2,0,14.1083,0,1,0,0,1,Adult
862,0,2,21.0,1,0,11.5,0,1,0,0,1,Young Adult
863,1,1,48.0,0,0,25.9292,1,0,0,0,1,Adult
864,0,3,29.69911764705882,8,2,69.55,1,0,0,0,1,Young Adult
865,0,2,24.0,0,0,13.0,0,1,0,0,1,Young Adult
866,1,2,42.0,0,0,13.0,1,0,0,0,1,Adult
867,1,2,27.0,1,0,13.8583,1,0,1,0,0,Young Adult
868,0,1,31.0,0,0,50.4958,0,1,0,0,1,Young Adult
869,0,3,29.69911764705882,0,0,9.5,0,1,0,0,1,Young Adult
870,1,3,4.0,1,1,11.1333,0,1,0,0,1,Child
871,0,3,26.0,0,0,7.8958,0,1,0,0,1,Young Adult
872,1,1,47.0,1,1,52.5542,1,0,0,0,1,Adult
873,0,1,33.0,0,0,5.0,0,1,0,0,1,Young Adult
874,0,3,47.0,0,0,9.0,0,1,0,0,1,Adult
875,1,2,28.0,1,0,24.0,1,0,1,0,0,Young Adult
876,1,3,15.0,0,0,7.225,1,0,1,0,0,Child
877,0,3,20.0,0,0,9.8458,0,1,0,0,1,Young Adult
878,0,3,19.0,0,0,7.8958,0,1,0,0,1,Young Adult
879,0,3,29.69911764705882,0,0,7.8958,0,1,0,0,1,Young Adult
880,1,1,56.0,0,1,83.1583,1,0,1,0,0,Senior
881,1,2,25.0,0,1,26.0,1,0,0,0,1,Young Adult
882,0,3,33.0,0,0,7.8958,0,1,0,0,1,Young Adult
883,0,3,22.0,0,0,10.5167,1,0,0,0,1,Young Adult
884,0,2,28.0,0,0,10.5,0,1,0,0,1,Young Adult
885,0,3,25.0,0,0,7.05,0,1,0,0,1,Young Adult
886,0,3,39.0,0,5,29.125,1,0,0,1,0,Adult
887,0,2,27.0,0,0,13.0,0,1,0,0,1,Young Adult
888,1,1,19.0,0,0,30.0,1,0,0,0,1,Young Adult
889,0,3,29.69911764705882,1,2,23.45,1,0,0,0,1,Young Adult
890,1,1,26.0,0,0,30.0,0,1,1,0,0,Young Adult
891,0,3,32.0,0,0,7.75,0,1,0,1,0,Young Adult
